Headline,Mention Text,Link,Date,Source,Mentioned_brand,Reach,Likes,Comments
"Zenith Bank celebrates successful public offer, over N600bn capital base","Zenith Bank marked a significant milestone with a Closing Gong Ceremony at the NGX, celebrating its successful public offer which brought its capital base to over N600bn.",https://businessday.ng,15/10/2025,Business Day,Zenith,35500,,
"Zenith Bank celebrates successful public offer, surpasses CBN recapitalisation target","Zenith Bank held a Closing Gong Ceremony at the NGX to mark its successful public offer, which was oversubscribed. The offer raised N350.46 billion, bringing the bank's total capital base to N614.65 billion, surpassing the CBN's N500 billion target.",https://nannews.ng,16/10/2025,Nan news,Zenith,50,,
"GTCO vs Zenith Bank in H1 2025: How they performed","A comparative analysis of H1 2025 results. Zenith's PBT was N625.6B (down 13.9%), while GTCO's was N600.9B (down 40%). Zenith outperformed in core lending and net interest income but was noted as undervalued, with a P/E of 2.48x and P/B of 0.62x.",https://nairametrics.com,16/10/2025,Nairametrics,"Zenith, GTB",50000,,
"Urhobo battle Ogbe-Ijoh in Zenith Bank/Delta Principals' Cup final","A headline reporting on the final match of the Zenith Bank-sponsored Delta Principals' Cup.",https://punchng.com,17/10/2025,Punch,Zenith,133000,,
"How Nigeria's biggest companies performed in half-year 2025","An analysis of H1 2025 performance across sectors. In financial services, Zenith Bank's after-tax profit reached N532 billion, slightly below the N577 billion reported in H1 2024.",https://businessday.ng,17/10/2025,Business day,Zenith,35500,,
"Oborevwori to attend Zenith Bank/Delta Principals’ Cup","A headline indicating that the Delta State Governor is scheduled to attend the final of the Zenith Bank/Delta Principals' Cup.",https://punchng.com,21/10/2025,Punch,Zenith,133000,,
"Zecathon 5.0 launches with ₦140 Million in prizes for startups and innovators — Applications close October 31!","The Hackathon makes its debut, bringing together developers and innovators to design cutting-edge fintech and banking solutions. The winner will take home ₦30 million, while four finalists will each receive ₦10 million, along with opportunities to collaborate with Zenith Bank’s innovation team and participate in the incubation program. The Startup Pitch Competition remains the platform for high-potential startups to showcase scalable solutions that address real-world challenges. The winner will also receive ₦30 million, while four other finalists will each get ₦10 million, plus exposure to investors, mentorship from industry leaders, and strategic partnership opportunities. All finalists from both the Hackathon and Pitch Competition will then enter a six-week incubation program, gaining mentorship, business development guidance, and access to investors. In total, ₦140 million in cash prizes will be awarded (double last year’s amount) to fuel the growth of Nigeria’s brightest innovators.",https://techcabal.com/2025/10/21/zecathon-5-0-launches-with-%e2%82%a6140-million-in-prizes-for-startups-and-innovators-applications-close-october-31/,20/10/2025,Tech Cabal,Zenith,20000,,
"Zenith Bank to Ignite Africa’s Next Tech Revolution with Zecathon 5.0 — N140 million in prizes","Zenith Bank Plc has unveiled Zecathon 5.0, the fifth edition of its flagship startup competition and innovation program. It features a massive N140 million prize pool and a high-impact Hackathon designed to accelerate digital solutions across fintech and emerging tech sectors. Developers, founders, and innovators across Africa can apply for free at https://beyondlimits.global/zecathon5/ before the October 31, 2025, deadline. The Zenith Zecathon continues to spotlight innovation across key sectors, including FMCG, insurance, education, retail & e-commerce, payments, lending, cybersecurity, agriculture, health, and logistics.",https://nairametrics.com/2025/10/21/zenith-bank-to-ignite-africas-next-tech-revolution-with-zecathon-5-0-n140-million-in-prizes/,21/10/2025,Nairametrics,Zenith,50000,,
"Tropical Christmas Wonderland returns as Eko Hotels, Zenith Bank celebrate Nigerian creativity","Eko Hotels & Suites, in collaboration with Zenith Bank, is set to light up Lagos this December with the return of the Tropical Christmas Wonderland — an annual festive experience that has grown into one of Africa’s most anticipated holiday attractions. For the third consecutive year, Zenith Bank is maintaining its position as a major sponsor of the event, reaffirming its long-standing commitment to supporting Nigeria’s tourism and hospitality industries. The partnership underscores a shared vision to promote Nigeria as a destination known for creativity, culture, and community-driven entertainment.",https://guardian.ng/art/tropical-christmas-wonderland-returns-as-eko-hotels-zenith-bank-celebrate-nigerian-creativity/,28/10/2025,The Guardian,Zenith,28000,,
"Zenith Bank grows gross earnings to N3.4trn on strong interest income","Reports that Zenith Bank PLC grew its gross earnings by 16% year-on-year to N3.4 trillion for the nine months ended Sept 30, 2025, up from N2.9 trillion in Q3 2024.",https://businessday.ng / guardian.ng,02/11/2025,Business day,Zenith,35500,,
"Zenith Bank Plc records N1 trillion pre-tax profit in Q3","Zenith Bank Plc has announced a pre-tax profit of N1 trillion for the nine-month period ending September 30, 2024, including N275.8 billion in pre-tax profit recorded for the third quarter, driven by the expansion of both interest income and non-interest income. This marks a significant 98.57% year-over-year increase, up from the N505 billion recorded for the same nine-month period in 2023.",https://guardian.ng/business-services/business/zenith-bank-plc-records-n1-trillion-pre-tax-profit-in-q3/,01/11/2025,Guardian,Zenith,28000,,
"Zenith Bank grows earnings by 16 per cent in Q3","Zenith Bank Plc grew its earnings by 16 per cent in the third quarter, from N2.9 trillion recorded in Q3 2024 to N3.4 trillion in Q3 2025. The Group’s performance continues to demonstrate resilience, strong momentum, disciplined execution and an ability to deliver long-term shareholder value despite the challenging macroeconomic environment.",https://guardian.ng/business-services/zenith-bank-grows-earnings-by-16-per-cent-in-q3/,03/11/2025,Guardian NG,Zenith,28000,,
"Zenith Bank's gross earnings rise to N3.37tn","Details Zenith Bank's Q3 2025 results: Gross earnings rose 16% to N3.37tn, driven by a 41% rise in interest income to N2.7tn. PBT and PAT declined marginally to N917bn and N764bn respectively, as the bank took measures to improve loan portfolio quality, improving its NPL ratio to 3%.",https://punchng.com,04/11/2025,Punch,Zenith,133000,,
"ZENITH BANK PLC DIRECTORSDEALINGS","A corporate disclosure filed with the Nigerian Exchange Group (NGX) titled ""ZENITH BANK PLC DIRECTORSDEALINGS.""",https://ngxgroup.com / publicnow.com,06/11/2025,Ngx,Zenith,6500,,
"Notification of Share Dealing by Insiders (Chuks Emma Okoh)","A formal disclosure from Zenith Bank, dated Nov 6, 2025, detailing the purchase of Zenith Bank shares by Non-Executive Director, Mr. Chuks Emma Okoh, on November 4th and 5th, 2025. Transactions included 173,038 units at N62.08.",https://doclib.ngxgroup.com,06/11/2025,Ngx,Zenith,6500,,
"Nigeria equities: Investors lose $1.7bln in four days as sentiment wanes","Reports on a four-day losing streak in the Nigerian equities market. Losses in bellwether stocks, including MTN Nigeria and Zenith Bank, were pivotal to the downturn, which was attributed to cautious sentiment and profit-taking.",https://zawya.com,07/11/2025,Zawya,Zenith,500,,
"Urhobo College wins 2025 Zenith Bank/Delta Principals’ Cup","Urhobo College, Uvwie, Warri, at the weekend, defeated Ogbe-Ijoh Grammar School, Warri South West, 2-1, to become the champions of the 2025 Delta State/Zenith Bank Principals’ Cup. In an exciting final played at the Stephen Keshi Stadium, Asaba, the Uvwie boys took the lead just 37 seconds into the game and doubled their advantage in the 30th minute, before Ogbe-Ijoh Grammar School pulled one back midway through the second half.",https://guardian.ng/sport/urhobo-college-wins-2025-zenith-bank-delta-principals-cup/,10/11/2025,Guardian Nigeria,Zenith,28000,,
"Six banks post N2.4tn profit in nine months as deposits soar","Reports that six banks, including Zenith, posted a collective N2.4tn PAT for the nine months ended Sept 30, 2025. Zenith Bank's customer deposits grew to N23.69 trillion from N21.959 trillion in the 2024 financial year.",https://punchng.com,10/11/2025,Punch,Zenith,133000,,
"Why Africa's top banks want bad loans securitised","At the 2025 Africa Financial Summit, Zenith Bank's Group Head of Risk Management, Felix Egbon, advocated for measures to deepen capital market liquidity for NPL securitization. He noted challenges with the legal framework and market depth for handling large-scale NPL portfolios.",https://zawya.com,10/11/2025,Zawya,Zenith,500,,
"Banks cash out, economy loses out: How Nigerian banks' N5.05trn government securities boom is stifling real growth","A critical analysis arguing that Tier-1 banks, including Zenith, are stifling economic growth by prioritizing ""safe profits"" from government securities (N5.05tn collective income) over lending to the real economy. Zenith realized N1.14tn from these securities, a 55.49% increase.",https://thenicheng.com,10/11/2025,The Niche,Zenith,1200,,
"Nine banks pocket N14.7tn interest income in nine months","A review of Q3 2025 results shows nine banks' interest income rose 27.68% to N14.72tn. Zenith Bank followed Access Holdings, bringing in N2.74tn, a 40.77% increase from N1.95tn the previous year. Zenith showed the strongest growth momentum and largest absolute increase (N793.84bn).",https://punchng.com,11/11/2025,Punch,Zenith,133000,,
"Otedola, Elumelu, Ovie, 6 other Nigerian billionaires pocket $19 billion in interest earnings","Reports that nine top Nigerian banks, including Zenith Bank (founded by Jim Ovia), collectively earned $19 billion in interest income in the first nine months of 2025. Zenith was the second-highest earner with $3.53 billion, a 41% increase, attributed to high-interest rates.",https://africa.businessinsider.com,11/11/2025,Business Insider,Zenith,36800,,
"Five banks' top bosses pocket bulk of N644bn pay","An analysis of H1 2025 reports shows Zenith Bank's key management compensation was N6.50bn. Total personnel expenses rose to N134.57bn, and 5,579 of its 10,520 employees earned N9,000,001 and above.",https://punchng.com,11/11/2025,Punch,Zenith,133000,,
"Tier-1 Banks Suffer N545bn Capital Erosion In 10-Day Market Crisis","Investor sentiment on the Nigerian Exchange Limited (NGX) turned sharply negative over the past 10 trading days, leading to a massive N545.13 billion loss in market value across four Tier-1 banks GTCO Plc, Access Holdings Plc, Zenith Bank Plc, and United Bank for Africa (UBA) Plc. Similarly, Zenith Bank Plc shed N139.64 billion, closing at N59.60 per share from N63.00 at the beginning of the month.",https://newtelegraphng.com/tier-1-banks-suffer-n545bn-capital-erosion-in-10-day-market-crisis/,11/11/2025,New Telegraph,Zenith,2500,,
"Zenith Bank is Nigeria’s biggest bank by profit, PREMIUM TIMES Banking Report shows","Zenith Bank Plc has emerged as the bank with the highest Profit After Tax in the 2024 financial year. The ranking is based on a review of the 2025 edition of the PREMIUM TIMES Annual Banking Report, released in October. The latest review of the 2025 edition of the magazine shows that Zenith led others in profit after tax (PAT) in 2024, recording a 52.6 per cent increase to N1.03 trillion from N676.9 billion in 2023.",https://www.premiumtimesng.com/news/top-news/832516-zenith-bank-is-nigerias-biggest-bank-by-profit-premium-times-banking-report-shows.html?tztc=1,03/11/2025,Premium Times,Zenith,26700,,
"Jim Ovia Named Doyen of the Nigerian Banking Industry at the NGX Closing Gong Ceremony","Zenith Bank Plc's Founder and Chairman, Dr. Jim Ovia, CFR, accompanied by the bank’s Group Managing Director/CEO, Dame Dr. Adaora Umeoji, OON, on Tuesday, October 14, 2025, carried out the prestigious closing gong ceremony at the Nigerian Exchange (NGX), marking a significant milestone in the bank's continued partnership with the capital market.",https://www.zenithbank.com/media/news/jim-ovia-named-doyen-of-the-nigerian-banking-industry-at-the-ngx-closing-gong-ceremony/,14/10/2025,Zenith Bank,Zenith,250000,,
"Zenith Bank Signals Strong Full-Year Outlook with N51.3 Billion Interim Dividend Payout","Zenith Bank Plc, on Friday, October 10, 2025, made good on its promise as it paid a total interim dividend of N51.3 billion to its shareholders for the Half Year (H1) 2025, at N1.25 per share. This significant payout represents over 60% increase from the N31.4 billion paid in H1 2024.",https://www.zenithbank.com/media/news/zenith-bank-signals-strong-full-year-outlook-with-n513-billion-interim-dividend-payout/,10/10/2025,Zenith Bank,Zenith,257000,,
"Zenith Bank signals strong full-year outlook with N51.3 billion interim dividend payout","Zenith Bank paid an interim dividend of N51.3 billion (N1.25/share) for H1 2025, a 60% increase from H1 2024. The payout followed strong H1 2025 results, including a 20% rise in gross earnings and 60% growth in interest income.",https://nairametrics.com,13/10/2025,Nairametrics,Zenith,50000,,
"Zenith Bank's 60% dividend hike signals bright 2025 outlook","Zenith Bank's N51.3 billion (N1.25/share) interim dividend payout for H1 2025, a 60% surge from H1 2024, is reported as signaling a bright outlook. The payout follows strong H1 results, including a 20% rise in gross earnings and a 60% surge in interest income.",https://businessday.ng,12/10/2025,Business Day,Zenith,36800,,
"Zenith Bank pays N51.3bn dividend, pledges better performance","Reports that Zenith Bank paid a N51.3bn interim dividend for the period ended June 30, 2025, and the Group GMD/CEO pledged to exceed shareholder expectations.",https://punchng.com,14/10/2025,Punch,Zenith,133000,,
"Nigeria: Zenith Bank increases its dividend by 63% thanks to strong half-year results","Reports that Zenith Bank Plc paid an interim dividend of 51.3 billion nairas ($39.5 million) for H1 2025, a 63% increase from the 31.4 billion nairas paid in H1 2024. This increase reflects the bank's strong financial results.",https://financialafrik.com,14/10/2025,Financial Africa,Zenith,3000,,
"Fidelity Bank to Host Eduthrive Conference to Empower School Owners Ahead of New Academic Session","Leading financial institution, Fidelity Bank Plc, is set to convene key stakeholders in Nigeria’s education sector for Eduthrive, an inspiring two-day conference designed to equip school owners with the tools and strategies needed to thrive in the upcoming academic session. Themed “Positioning Your School for Growth,” the event will take place from August 28 to 29, 2025, at the Fidelity SME Hub, 22 Lanre Awolokun Street, Gbagada Phase 2, Lagos.",https://nationalmonitor.com.ng/fidelity-bank-to-host-eduthrive-conference-to-empower-school-owners-ahead-of-new-academic-session/,26/08/2025,National Monitor,Fidelity,21000,,
"Fidelity Bank to host Eduthrive Conference to empower school owners ahead of new academic session","Leading financial institution, Fidelity Bank Plc, is set to convene key stakeholders in Nigeria’s education sector for Eduthrive, an inspiring two-day conference designed to equip school owners with the tools and strategies needed to thrive in the upcoming academic session. Themed “Positioning Your School for Growth,” the event will take place from August 28 to 29, 2025, at the Fidelity SME Hub, 22 Lanre Awolokun Street, Gbagada Phase 2, Lagos.",https://www.thetimes.com.ng/2025/08/fidelity-bank-to-host-eduthrive-conference-to-empower-school-owners-ahead-of-new-academic-session/,26/08/2025,The times,Fidelity,2000,,
"Fidelity Bank to Host Education Conference for School Owners in Lagos","Fidelity Bank Plc has announced plans to host a two-day education conference, Eduthrive, aimed at equipping school owners with tools and strategies to enhance growth and sustainability in Nigeria’s education sector. The event, themed “Positioning Your School for Growth,” will take place on August 28–29, 2025, at the Fidelity SME Hub, Gbagada Phase 2, Lagos.",https://thenigeriaeducationnews.com/2025/08/27/fidelity-bank-to-host-education-conference-for-school-owners-in-lagos/,27/08/2025,Nigerian Education,Fidelity,70,,
"Fidelity Bank Plc champions Africa’s export growth at FNITCC Atlanta 2025","Leading financial institution, Fidelity Bank Plc, has announced plans to convene a high-level panel of seasoned experts to chart a strategic roadmap for promoting African exports in global markets. The panel session, titled “Laying the Tracks: Strengthening the Institutional Infrastructure for Africa’s Trade Promotion,” is scheduled for Day 2 of the Fidelity Nigeria International Trade & Creative Connect (FNITCC)—Saturday, September 20, 2025—at the Omni Atlanta Hotel, Centennial Park, Georgia, USA.",https://sunrise.ng/fidelity-bank-plc-champions-africas-export-growth-at-fnitcc-atlanta-2025/,27/08/2025,Sunrise,Fidelity,30,,
"Fidelity Bank Plc Champions Africa’s Export Growth at FNITCC Atlanta 2025","Leading financial institution, Fidelity Bank Plc, has announced plans to convene a high-level panel of seasoned experts to chart a strategic roadmap for promoting African exports in global markets. The panel session, titled “Laying the Tracks: Strengthening the Institutional Infrastructure for Africa’s Trade Promotion,” is scheduled for Day 2 of the Fidelity Nigeria International Trade & Creative Connect (FNITCC)—Saturday, September 20, 2025—at the Omni Atlanta Hotel, Centennial Park, Georgia, USA.",https://www.fidelitybank.ng/fidelity-bank-plc-champions-africas-export-growth-at-fnitcc-atlanta-2025/,28/08/2025,Fidelity,Fidelity,170000,,
"Fidelity Bank’s recapitalization paves way for growth, shareholding expansion","This has expanded the banks shareholding base from the over 400,000 shareholders it had at the end of 2024 to more than 500,000 different shareholders. This means no single person controls the bank which is very positive in terms of corporate governance and bank valuation (Price to book value) as will be shown below.",https://nairametrics.com/2025/09/02/fidelity-banks-recapitalization-paves-way-for-growth-shareholding-expansion/,02/09/2025,Nairametrics,Fidelity,52100,,
"Fidelity Bank’s recapitalisation paves way for growth, shareholding expansion","Fidelity Bank which has a ₦1.07 trillion market capitalization, and currently trades at a price to earnings ratio of 2.49 and price to book ratio of 1.15 (according to Bloomberg data), a sign that investors are confident in its growth prospects and solid corporate governance.",https://www.thecable.ng/fidelity-banks-recapitalisation-paves-way-for-growth-shareholding-expansion/,02/09/2025,The cable,Fidelity,11000,,
"Fidelity Bank Partners with Mastercard on Cross-Border Payment Solution","Fidelity Bank Plc has partnered with Mastercard to launch a new initiative aimed at enhancing cross-border payments and remittances in Nigeria. The new product, known as *Fidelity Send*, leverages Mastercard’s extensive global network to offer near-real-time and cost-effective outbound transactions.",https://theheraldhub.com/2024/09/02/fidelity-bank-partners-with-mastercard-on-cross-border-payment-solution/,02/09/2025,Herald Hub,Fidelity,5600,,
"Fidelity Bank and Mastercard Launch “Fidelity Send” to Revolutionize Cross-Border Payments in Nigeria","Fidelity Bank Plc, in partnership with Mastercard, has launched a groundbreaking payment service named “Fidelity Send,” designed to streamline cross-border payments and remittances in Nigeria. Speaking at the launch event held on Friday in Lagos, Dr. Nneka Onyeali-Ikpe, Managing Director and CEO of Fidelity Bank Plc, noted that Fidelity Send promises near-instant payment solutions for the bank’s customers.",https://fintechmagazine.africa/2024/09/02/fidelity-bank-and-mastercard-launch-fidelity-send-to-revolutionize-cross-border-payments-in-nigeria/,02/09/2024,fintech magazine,Fidelity,1450,,
"Fidelity Bank Launches Initiative To Support Children With Special Needs","Fidelity Bank Plc has inaugurated the ‘Bundles of Joy programme’, an initiative aimed at creating supportive spaces and activities for children with special needs while addressing the psychological and emotional well-being of their parents and caregivers.",https://thewhistler.ng/fidelity-bank-launches-initiative-to-support-children-with-special-needs/,02/09/2024,The whistler,Fidelity,200,,
"Fidelity Bank launches “Bundles of Joy” Initiative to support children with special needs, families","As part of its commitment to fostering inclusivity, Fidelity Bank Plc has inaugurated the Bundles of Joy programme, a groundbreaking initiative aimed at creating supportive spaces and activities for children with special needs while addressing the psychological and emotional well-being of their parents and caregivers.",https://dailypost.ng/2025/01/06/fidelity-bank-launches-bundles-of-joy-initiative-to-support-children-with-special-needs-families/,06/01/2025,Daily post,Fidelity,7200,,
"Fidelity Bank Plc Donates Maternity Kits to Pregnant Women in Yaba, Lagos","Fidelity Bank Plc, a leading financial institution, has donated maternity kits to pregnant women in Aiyetoro, Yaba Local Council Development Area (LCDA) of Lagos State. This donation is part of the bank’s Corporate Social Responsibility (CSR) efforts under the Fidelity Helping Hands Program (FHHP).",https://www.integritynews.com.ng/2024/09/fidelity-bank-plc-donates-maternity.html,10/09/2024,Integrity News,Fidelity,300,,
"Fidelity Bank supports SOS Children’s Village, Hearts of Gold Children Hospice in Lagos","Divisional Head of Brand and Communications at Fidelity Bank, Dr. Meksley Nwagboh said, “At Fidelity Bank, we recognise that our success is closely linked to the well-being of the communities we serve. Therefore, we consistently engage in corporate social responsibility activities such as this.”",https://www.vanguardngr.com/2025/01/fidelity-bank-supports-sos-childrens-village-hearts-of-gold-children-hospice-in-lagos/,21/01/2025,Vanguard,Fidelity,200000,,
"Fidelity Bank Shows Love to Children of SOS Children’s Village on National Chocolate Day","As part of plans to mark Valentine’s Day Celebrations, we demonstrated love by donating PPEs and boxes of Ghana-made chocolates to staff and students of the SOS Children’s Village in Tema.",https://www.fidelitybank.com.gh/news/364-fidelity-bank-shows-love-to-children-of-sos-children-s-village-on-national-chocolate-day,17/02/2021,Fidelity Bank,Fidelity,170000,,
"Fidelity Bank set to launch innovative SME Hub with Creative Studios","Fidelity Bank, a leading financial institution, has announced the imminent launch of its dedicated physical facility for Small and Medium-scale Enterprises (SME) and entrepreneurs in the creative sector.",https://nairametrics.com/2025/02/05/fidelity-bank-set-to-launch-innovative-sme-hub-with-creative-studios/,05/02/2025,Nairametrics,Fidelity,48000,,
"Fidelity Bank Unveils SME Hub with Creative Studios to Boost Entrepreneurship","Fidelity Bank is set to launch the Fidelity SME Hub, a dedicated facility designed to support small and medium-scale enterprises (SMEs) and entrepreneurs in the creative sector.",https://msmeafricaonline.com/fidelity-bank-unveils-sme-hub-with-creative-studios-to-boost-entrepreneurship/,06/03/2025,MSME Africa,Fidelity,13450,,
"Fidelity Bank partners with NIYEEDEP to empower 6 million Nigerian youths in agriculture, tech, and renewable energy","Fidelity Bank Plc, one of Nigeria’s leading financial institutions, has been selected as a partner bank for the Nigeria Youth Economic Engagement and De-Radicalisation Programme (NIYEEDEP), a federal initiative aimed at empowering 6 million young Nigerians.",https://globalfinancialdigest.com/fidelity-bank-partners-with-niyeedep-to-empower-6-million-nigerian-youths-in-agriculture-tech-and-renewable-energy/,31/01/2025,Global Financial,Fidelity,65000,,
"Fidelity Bank and NIYEEDEP Join Forces to Empower 6 Million Nigerian Youths","Situating the NIYEEDEP partnership within the Bank’s strategy, Osita Ede, Divisional Head, Product Development, Fidelity Bank Plc explained, “We are delighted to partner with the Federal Government on this noble cause especially as it aligns with brand ethos of helping individuals to grow, inspiring businesses to thrive, and empowering economies to prosper.”",https://www.msn.com/en-xl/africa/nigeria/fidelity-bank-and-niyeedep-join-forces-to-empower-6-million-nigerian-youths/ar-AA1ydyGr,11/01/2025,MSN,Fidelity,,,
"CBN fines nine banks N150m each for failing to disburse ATM cash","The Central Bank of Nigeria (CBN) has imposed fines of N150 million each on nine Deposit Money Banks (DMBs) for failing to dispense cash via Automated Teller Machines (ATMs) during the festive season.",https://nairametrics.com/2025/01/14/cbn-fines-nine-banks-n150m-each-for-failing-to-disburse-atm-cash/,14/01/2025,Nairametrics,Fidelity,53980,,
"Breaking: CBN Fines First Bank, Fidelity, Seven Others N150m Each For ATM Cash Scarcity","The Central Bank of Nigeria(CBN) has make good its threat to sanction any bank that fails to comply with its cash distribution guidelines.",https://newdiplomatng.com/breaking-cbn-fines-first-bank/,14/01/2025,New Diplomat,Fidelity,4230,,
"Fidelity Bank, Others Challenge Court’s Jurisdiction In Alleged Forgery","The Fidelity Bank Plc and three others, have challenged the jurisdiction of a Federal High Court in Lagos over a charge filed by the Attorney General of the Federation over an alleged conversion of approximately N19 billion, belonging to Woobs Resources Limited.",https://nigeriancurrent.com/2025/02/19/fidelity-bank-others-challenge-courts-jurisdiction-in-alleged-forgery/,19/02/2025,Nigerian Current,Fidelity,100,,
"A Deep Dive into Allegations of Fraud in Fidelity Bank","In a dramatic turn of events within Nigeria’s financial and legal landscape, the name of Dr. Nneka Onyeali-Ikpe, Managing Director and Chief Executive Officer of Fidelity Bank Plc, was recently withdrawn from an ongoing criminal case involving multi-billion-naira fraud allegations.",https://timeafricamagazine.com/a-deep-dive-into-allegations-of-fraud-in-fidelity-bank/,28/06/2025,TimeAfricaMagazine,Fidelity,2200,,
"CBN, First Bank Shield Ex-Staff Who Fraudulently Terminated, Diverted Retiree’s N10.5m Fixed Deposit","The Central Bank of Nigeria (CBN), in a recommendation it recently gave on a fraud-related N10.5 million dispute involving 72-year-old Osun resident Sule Fabiyi and First Bank of Nigeria, has absolved the financial institution of any wrongdoing.",https://fij.ng/article/cbn-first-bank-shield-ex-staff-who-fraudulently-terminated-diverted-retirees-n10-5m-fixed-deposit/,29/08/2025,Journal for investigative Journalism,First bank,750,,
"Otedola, Elumelu, Ovia, 6 other Nigerian billionaires pocket $19 billion in interest earnings","Nine top Nigerian banks, including GTCO, posted a combined $19 billion in interest earnings in the first nine months of 2025, driven by high interest rates. GTCO's interest income rose 26% to $1.59 billion.",https://africa.businessinsider.com/local/markets/otedola-elumelu-ovia-6-other-nigerian-billionaires-pocket-dollar19-billion-in/ltdsc2f,11/11/2025,Business Insider,"GTB (GTCO)",146700,,
"GTCO posts N699.6bn profit in nine months","GTCO reported a N699.6bn profit after tax for the nine months ended Sept 30, 2025, a 36% decline from N1.085tn in 2024.",https://punchng.com/gtco-posts-n699-6bn-profit-in-nine-months/,01/10/2025,Punch,"GTB (GTCO)",133000,,
"Nigeria's financial markets are shifting — from GTCO's latest moves to the surge in government bonds and banking stocks...","A YouTube episode from ""Follow The Money"" discusses shifts in Nigeria's financial markets, including GTCO's latest moves, bank recapitalization, and the flow of smart money into bonds and banking stocks in 2025.",https://www.youtube.com/watch?v=G6-O3EeiClY,30/09/2025,Youtube,"GTB (GTCO)",2600,,
"GTCO Historical Data","Provides historical stock price data for GTCO. On Nov 10, 2025, the price was 84.50. On Oct 16, 2025, the price was 93.50.",https://ng.investing.com/equities/guaranty-bnk-historical-data,11/11/2025,Investing,"GTB (GTCO)",1000,,
"GT Bank records a 9% dip in profit to N45.55 billion in Q1 2021","An archival article detailing GT Bank's Q1 2021 results, showing a 9% dip in profit.",https://stocks.nairametrics.com/tag/guaranty-trust-bank-plc/,21/04/2021,Nairametrics,"GTB (GTCO)",350000,,
"GTCO injects N365.85 billion into GTBank to meet CBN’s recapitalisation mandate","GTCO announced a N365.85 billion capital injection into its subsidiary, GTBank, via a rights issue.",https://nairametrics.com/2025/08/29/gtco-injects-n365-85-billion-into-gtbank-to-meet-cbns-recapitalisation-mandate/,29/08/2025,Nairametrics,"GTB (GTCO)",50000,,
"GTCO increases GTBank’s paid-up capital to N504 billion","A headline confirming the N504 billion paid-up capital for GTBank.",https://nairametrics.com/2025/08/29/gtco-increases-gtbanks-paid-up-capital-to-n504-billion/,29/08/2025,Nairametrics,"GTB (GTCO)",50000,,
"3rd Quarter Results (LSE Table)","A data table of GTCO's 9-month 2025 vs 2024 results. Shows PBT of N900.8bn (down 26.1%), PAT of N699.6bn (down 35.5%), and EPS of N20.7 (down 46.1%).",https://www.londonstockexchange.com/news-article/GTCO/3rd-quarter-results/17301435,30/09/2025,London Stock Exchange,"GTB (GTCO)",340000,,
"Dow Jones Today 10/16/2025","A report on US market movements on Oct 16, 2025. Irrelevant to GTCO.",https://www.investopedia.com/dow-jones-today-10162025-11830828,16/10/2025,Investopedia,"GTB (GTCO)",2000,,
"Guaranty Trust Holding Stock Price History","Historical stock data for GTCO. Shows price on Oct 16, 2025 was 93.50. On Nov 10, 2025, it was 84.50.",https://www.investing.com/equities/guaranty-bnk-historical-data,10/11/2025,Investing,"GTB (GTCO)",1000,,
"Result of Equity Issue (LSE)","Details of an equity issue. 2.29 billion new shares issued at a reference price of 70.00 Naira per share.",https://www.londonstockexchange.com/news-article/GTCO/result-of-equity-issue/17118771,01/08/2025,London Stock Exchange,"GTB (GTCO)",351000,,
"3rd Quarter Results (LSE Ratios)","A data table of GTCO's key ratios for Q3 2025 vs 2024. Shows Capital Adequacy Ratio at 36.5% (down from 39.3%), ROAE at 30.7% (down from 70.4%).",https://www.londonstockexchange.com/news-article/GTCO/3rd-quarter-results/17301435,30/09/2025,London Stock Exchange,"GTB (GTCO)",349000,,
"GTCO Q3 Earning Result – Strong Core Earnings Momentum... (SimplyWallSt)","Analyst narrative summary. Shows customer deposits rose 18.3% to N11.85 trillion and Shareholders' funds grew 24.1% to N3.37 trillion.",https://simplywall.st/community/narratives/ng/banks/ngse-gtco/guaranty-trust-holding-shares/og2282fy-gtco-q3-earning-result-strong-core-earnings-momentum-sustained-despite-absence-of-exceptional-fx-gains,30/09/2025,Simply wall,"GTB (GTCO)",20,,
"GTCO reports 26% drop in Q3 profit as fair value gains vanish","News report on Q3 2025 results. Confirms PBT of N900.8bn (down 26.1%) and PAT of N699.6bn (down 35.5%).",https://uk.investing.com/news/company-news/gtco-reports-26-drop-in-q3-profit-as-fair-value-gains-vanish-93CH-4331215,29/10/2025,Investing,"GTB (GTCO)",1000,,
"Guaranty Trust Holding (GTCO) Stock Overview","Market data for GTCO as of Nov 10, 2025. Price is 81.05, with a previous close of 84.50.",https://www.investing.com/equities/guaranty-bnk,10/11/2025,Investing,"GTB (GTCO)",1059,,
"GTCO LSE Price Information","Provides trade data for GTCO on the LSE. Shows a price of $0.06 on November 10, 2025.",https://www.londonstockexchange.com/stock/GTCO/guaranty-trust-holding-company-plc/company-page,10/11/2025,London Stock Exchange,"GTB (GTCO)",342719,,
"GTCO Historical Data (Investing.com)","Historical stock price data for GTCO. Shows a price of 89.50 on Nov 3, 2025, falling to 84.50 by Nov 10, 2025.",https://www.investing.com/equities/guaranty-bnk-historical-data,10/11/2025,Investing,"GTB (GTCO)",1000,,
"Rescuing GTCO’s stock price","An article <...> (truncated for brevity)",https://www.stears.co/article/rescuing-gtcos-stock-price/,30/01/2023,Stears,"GTB (GTCO)",30,,
"GTCO NGX Company Profile","Provides NGX trade data. Shows high volumes and a price drop from 90.35 on Oct 29 to 85.50 on Nov 6, 2025.",https://ngxgroup.com/exchange/data/company-profile/?symbol=GTCO,06/11/2025,Ngx,"GTB (GTCO)",6500,,
"Capital Injection into Guaranty Trust Bank Ltd","Announcement of N365.85bn capital injection into GTBank via a rights issue to GTCO, to meet CBN's new capital requirement.",https://www.investegate.co.uk/announcement/rns/guaranty-trust-holding-company-plc--gtco/capital-injection-into-guaranty-trust-bank-ltd/9079722,29/08/2025,Investegate,"GTB (GTCO)",348,,
"GTCO Prospectus (Excerpt)","Excerpt from a prospectus detailing risks. It notes that CBN's Monetary Policy Rate (MPR) and Cash Reserve Requirement (CRR) (retained at 50% in May 2025) put pressure on the group's net interest margins.",https://gtco-plc.files.svdcdn.com/production/general/PROSPECTUS.pdf?dm=1751625887,30/05/2025,gtco-plc.files,"GTB (GTCO)",272600,,
"Update on Audited Half-Year Report (H1 2025)","Announcement that the Board approved the H1 2025 audited accounts on July 31, 2025, but is awaiting CBN approval before release.",https://www.investegate.co.uk/announcement/rns/guaranty-trust-holding-company-plc--gtco/update-on-audited-half-year-report-/9039445,05/08/2025,investegate,"GTB (GTCO)",350,,
"Offering Announcement (GTCO)","Announcement of a fully marketed equity offering to raise c.US$100 million, launched on July 2, 2025, and a plan to cancel GDRs for a full LSE Main Market admission.",https://www.gtcoplc.com/what-we-think/in-the-news/offering-announcement,02/07/2025,gtcoplc,"GTB (GTCO)",275000,,
"Insider Trading and Price Sensitive Information (GTBank)","A page on GTBank's investor relations site mentioning ""Insider Trading"" and ""Price Sensitive Information.""",https://www.gtbank.com/investor-relations/investor-news,23/09/2025,gtbank,"GTB (GTCO)",200000,,
"GTCO Notice of Proposed Offering (GTBank)","A landing page from GTBank's investor relations site, linking to news about a ""Proposed Offering.""",https://www.gtbank.com/investor-relations/investor-news/gtco-notice-of-proposed-offering,01/10/2024,gtbank,"GTB (GTCO)",201200,,
"Insider Trading Data (Fintel for GNTY)","Insider trading data for GNTY (a different company). Shows multiple ""Sale to Issuer"" transactions on Oct 1, 2025.",https://fintel.io/sn/us. gnty,02/10/2025,fintel,"GTB (GTCO)",234,,
"GTBank Press Releases","A list of press releases. The most recent is from May 2, 2025 (Q1 2025 results).",https://www.gtbank.com/media-centre/press-releases,02/05/2025,gtbank,"GTB (GTCO)",202100,,
"GTCO targets fintech innovation with HabariPay Hackathon 2.0","A headline from Nov 6, 2025, indicating a news story about GTCO's fintech innovation, likely referencing the HabariPay Hackathon.",https://guardian.ng/news/gtco-targets-fintech-innovation-with-habaripay-hackathon-2-0/,06/11/2025,guardian,"GTB (GTCO)",28000,,
"GTCO's fintech HabariPay posts N1.7 billion profit in half-year 2024","A news report (with a Nov 7, 2025 related story) stating that GTCO's fintech arm, HabariPay, recorded a N1.7 billion profit in H1 2024.",https://nairametrics.com/2024/09/14/gtcos-fintech-habaripay-posts-n1-7-billion-profit-in-half-year-2024/,14/09/2024,Nairametrics,"GTB (GTCO)",51000,,
"GTCO gets approval for HabariPay to commence operation","An article from 2022, updated on Oct 11, 2025, about HabariPay receiving approval to operate.",https://dmarketforces.com/gtco-gets-approval-for-habaripay-to-commence-operation/,11/10/2025,dmarketforces,"GTB (GTCO)",69,,
"GTCO's fintech HabariPay begins recovery of ₦1.1 billion sent to customers in error","A report from Sept 2024 detailing that HabariPay is in a legal process to recover N1.1 billion erroneously sent to thousands of merchants in 2023.",https://techcabal.com/2024/09/20/habaripay-begins-recovery-of-1-1billion/,20/09/2024,techcabal,"GTB (GTCO)",21000,,
"GTCO Plc Announces Successful Completion of the 1st Phase of Its Equity Capital Raise Programme; Raises ₦209 Billion","A press release from Jan 6, 2025, announcing GTCO raised N209.41 billion from 130,617 applications for its first-phase equity raise.",https://www.gtcoplc.com/what-we-think/press-releases/gtco-plc-announces-successful-completion-of-the-1st-phase-of-its-equity-capital-raise-programme-raises-209-billion,06/01/2025,gtcoplc,"GTB (GTCO)",269801,,
"Offering Announcement (GTCO)","An offering announcement stating that proceeds will be used to grow the loan portfolio, fortify IT infrastructure, expand the branch network.",https://www.gtcoplc.com/what-we-think/in-the-news/offering-announcement,01/10/2024,gtcoplc,"GTB (GTCO)",259898,,
"GTCO is latest bank to complete first phase of capital raise","A Jan 2025 report that GTCO completed its first phase capital raise.",https://www.marketsreporters.com/2025/01/07/gtco-is-latest-bank-to-complete-first-phase-of-capital-raise/,07/01/2025,markets reporters,"GTB (GTCO)",17890,,
"GTCO sustains profitability momentum... declares a PBT of N300.4Billion in Q1 2025","A press release for Q1 2025 (ended March 31) showing PBT of N300.4bn.",https://www.gtbank.com/media-centre/press-releases/gtco-sustains-profitability-momentum-with-growth-in-core-income-declares-a-pbt-of-n300-4billion-in-q1-2025,01/04/2025,gtbank,"GTB (GTCO)",202200,,
"Offering Announcement (LSE)","An announcement from July 2, 2025, of a c.US$100 million equity offering and the plan to cancel GDRs for a full LSE Main Market admission.",https://www.londonstockexchange.com/news-article/GTCO/offering-announcement/17116599,02/07/2025,London Stock Exchange,"GTB (GTCO)",301202,,
"Result of Equity Issue (LSE)","Details of the LSE offering: 2.29 billion new shares issued at 70.00 Naira, raising gross proceeds of $105 million.",https://www.londonstockexchange.com/news-article/GTCO/result-of-equity-issue/17118771,24/07/2025,London Stock Exchange,"GTB (GTCO)",314500,,
"GTCO Plc Launches Public Offer to Raise N400.5Billion","An announcement from July 2024 about a public offer to raise N400.5 billion.",https://www.gtbank.com/investor-relations/investor-news/gtco-plc-launches-public-offer-to-raise-n400-5billion,15/07/2024,gtbank,"GTB (GTCO)",205600,,
"GTCO Notice of Proposed Offering","A link on the GTBank website, dated July 15, 2024, related to the N400.5 billion public offer.",https://www.gtbank.com/investor-relations/investor-news/gtco-notice-of-proposed-offering,15/07/2024,gtbank,"GTB (GTCO)",201340,,
"Guaranty Trust Holding Company Plc (H1 2025 Results)","An executive summary of H1 2025 results. Shows PBT of N600.9 billion.",https://simplywall.st/community/narratives/ng/banks/ngse-gtco/guaranty-trust-holding-shares/og2282fy-guaranty-trust-holding-company-plc-h1-2025-results,25/09/2025,Simply wall,"GTB (GTCO)",29,,
"Half-Year Report (LSE H1 2025 Data)","A data table of GTCO's H1 2025 results. PBT of N600.9bn (down 40.1%), PAT of N449.0bn (down 50.4%).",https://www.londonstockexchange.com/news-article/GTCO/half-year-report/17245117,25/09/2025,London Stock Exchange,"GTB (GTCO)",299800,,
"GTCO Board Approves H1 2025 Audited Accounts, Awaits Central Bank Nod","A report that the GTCO board approved its H1 2025 audited financial statements on July 31, 2025.",https://za.investing.com/news/company-news/gtco-board-approves-h1-2025-audited-accounts-awaits-central-bank-nod-93CH-3830241,01/08/2025,investing,"GTB (GTCO)",1000,,
"GTCO FY 2024 Abridged Results (Auditor's Report)","An excerpt from the auditor's report for the FY 2024 results (released March 28, 2025).",https://gtbank-plc.files.svdcdn.com/production/financial-information/GTCO-FY-2025-Abridged-Results.pdf?dm=1743454383,28/03/2025,gtbank-plc,"GTB (GTCO)",178690,,
"GTCO Q3 Earning Result (SimplyWallSt)","Summary of 9-month 2025 results. PBT N900.8bn (down 26%), PAT N699.6bn (down 35.5%).",https://simplywall.st/community/narratives/ng/banks/ngse-gtco/guaranty-trust-holding-shares/og2282fy-gtco-q3-earning-result-strong-core-earnings-momentum-sustained-despite-absence-of-exceptional-fx-gains,24/09/2025,Simply wall,"GTB (GTCO)",37,,
"GTCO, Bonds & Banking: Nigeria's 2025 Investment Winners (YouTube)","A YouTube video from Nairametrics discussing 2025 investment winners, including GTCO and bonds.",https://www.youtube.com/watch?v=G6-O3EeiClY,20/09/2025,youtube,"GTB (GTCO)",2600,,
"12 Trillion Profit in Just 9 Months! (YouTube)","A YouTube video from Nairametrics discussing ""12 Trillion Profit in 9 Months,"" likely referencing the entire banking sector.",https://www.youtube.com/watch?v=th5BAa4UifM,24/09/2025,youtube,"GTB (GTCO), Access, Zenith, Opay",1500,,
"GTCO Q1 2025 Financial Statement (PDF Excerpt)","An excerpt from the Q1 2025 financial report, showing the table of contents and statement of financial position.",https://doclib.ngxgroup.com/Financial_NewsDocs/44015_GUARANTY_TRUST_HOLDING_COMPANY_PLC-QUARTER_1-_FINANCIAL_STATEMENT_FOR_2025_FINANCIAL_STATEMENTS_APRIL_2025.pdf,01/04/2025,ngx,"GTB (GTCO)",4500,,
"Half-Year Report (Ticker.app)","A snippet mentioning H1 2025 results and CEO Segun Agbaje. Shows H1 2025 Interest Income at N812.4bn.",https://www.ticker.app/news/rns/2025-09-23/half-year-report/4896A,23/09/2025,ticker,"GTB (GTCO)",79,,
"Highest paid Nigerian bank MDs/CEOs in H1 2022","An archival article from 2022 about bank executive compensation.",https://nairametrics.com/2022/09/28/highest-paid-nigerian-bank-mds-ceos-in-h1-2022/,28/09/2022,Nairametrics,"GTB (GTCO)",50000,,
"GTCO H1 2025 Transaction Value (TechCabal)","A chart showing a 49.4% decrease in GTCO's *737# (USSD) transaction value in H1 2025 (N499bn).",https://techcabal.com/tag/gtco/,24/09/2025,techcabal,"GTB (GTCO)",22000,,
"GTCO Q3 Earning Result (SimplyWallSt)","Summary of 9-month 2025 results. PBT N900.8bn (down 26%), PAT N699.6bn (down 35.5%).",https://simplywall.st/community/narratives/ng/banks/ngse-gtco/guaranty-trust-holding-shares/og2282fy-gtco-q3-earning-result-strong-core-earnings-momentum-sustained-despite-absence-of-exceptional-fx-gains,01/10/2025,simply wall,"GTB (GTCO)",40,,
"Half-Year Report (LSE H1 2025 Data)","A data table of H1 2025 results. Shows Interest Income N812.4bn (up 31.5%) and Non-interest income N260.3bn (down 66.4%).",https://www.londonstockexchange.com/news-article/GTCO/half-year-report/17245117,23/09/2025,London Stock Exchange,"GTB (GTCO)",287560,,
"GTCO FY 2024 Abridged Results (Balance Sheet)","Excerpt from the FY 2024 balance sheet. Shows Investment securities (Held at amortised cost) at N1.647 trillion.",https://gtbank-plc.files.svdcdn.com/production/financial-information/GTCO-FY-2025-Abridged-Results.pdf?dm=1743454383,28/03/2025,gtbank-plc,"GTB (GTCO)",134000,,
"GTCO reports N600.9 billion half-year profit...","Headline confirming the H1 2025 profit before tax figure.",https://www.investing.com/news/company-news/gtco-reports-n6009-billion-halfyear-profit-amid-revenue-shifts-93CH-4251356,24/09/2025,investing,"GTB (GTCO)",1000,,
"GTCO reports N1trn profit, net income rises 161% in nine months","An article with a headline about N1trn profit in nine months. This likely refers to the 2024 results.",https://businessday.ng/companies/article/gtco-reports-n1trn-profit-net-income-rises-161-in-nine-months/,30/10/2024,Business day,"GTB (GTCO)",36700,,
"GTCO declared ₦476b profit in H1 2025...","A report on H1 2025 results, stating Nigeria contributed N339.6b (over 70%) of the total profit after tax.",https://intelpoint.co/insights/gtco-declared-%E2%82%A6476b-profit-in-h1-2025-with-nigeria-contributing-over-70-of-african-operations/,24/09/2025,Intelpoint,"GTB (GTCO)",2200,,
"GTCO Plc Releases 2025 Half Year Audited Results...","A press release from Sept 2025 announcing H1 2025 PBT of N600.9 billion.",https://www.gtcoplc.com/what-we-think/press-releases/gtco-plc-releases-2025-half-year-audited-results-reports-profit-before-tax-of-600-9billion,01/09/2025,gtcoplc,"GTB (GTCO)",156000,,
"GTCO’s Guaranty Trust Bank Named Best Bank for Corporate Social Responsibility in Nigeria by Euromoney","A press release from Sept 2024 announcing GTBank won the ""Best Bank in CSR in Nigeria"" at the Euromoney Awards.",https://www.gtbank.com/investor-relations/investor-news/gtcos-guaranty-trust-bank-named-best-bank-for-corporate-social-responsibility-in-nigeria-by-euromoney,06/09/2024,gtbank,"GTB (GTCO)",275000,,
"GTCO’s Guaranty Trust Bank Named Best Bank for Corporate Social Responsibility... (Euromoney)","A Nairametrics article from Sept 2024, identical to the press release, covering the Euromoney CSR award.",https://nairametrics.com/2024/09/20/gtcos-guaranty-trust-bank-named-best-bank-for-corporate-social-responsibility-in-nigeria-by-euromoney/,20/09/2024,Nairametrics,"GTB (GTCO)",50000,,
"GTCO Rated Nigeria's Strongest Brand and Best Banking Brand in Nigeria","A press release stating GTCO was rated Nigeria's Strongest and Best Banking Brand.",https://www.gtcoplc.com/what-we-think/press-releases/gtco-rated-nigerias-strongest-brand-and-best-banking-brand-in-nigeria,10/06/2025,gtcoplc,"GTB (GTCO)",189000,,
"GTCO Fashion Weekend 2025: Attendees came to slay, no playing safe","A lifestyle article reviewing the GTCO Fashion Weekend 2025.",https://guardian.ng/features/life-features/gtco-fashion-weekend-2025-gen-zs-came-to-slay-no-playing-safe/,10/11/2025,guardian,"GTB (GTCO)",28000,,
"GTCO’s Guaranty Trust Bank Named Best Bank for Corporate Social Responsibility... (Euromoney)","A duplicate of the Sept 2024 press release about the Euromoney CSR award.",https://www.gtbank.com/investor-relations/investor-news/gtcos-guaranty-trust-bank-named-best-bank-for-corporate-social-responsibility-in-nigeria-by-euromoney,06/09/2024,gtbank,"GTB (GTCO)",165000,,
"GTBank pushes ahead with system upgrade amid disruptions...","A report from Oct/Nov 2025 detailing GTBank's system upgrade.",https://www.thisdaylive.com/2024/10/10/gtbank-pushes-ahead-with-system-upgrade-amid-disruptions-access-bank-pauses/,08/11/2025,Thisdaylive,"GTB (GTCO)",120000,,
"Disruption persists amid GTB’s transition to new application","A news report stating that GTB customers continue to complain about service downtime.",https://punchng.com/disruption-persists-amid-gtbs-transition-to-new-application/,30/10/2025,Punch,"GTB (GTCO)",133000,,
"FG workers using GTBank yet to get October salaries","A report that Federal Government workers with GTBank accounts have not been paid their October salaries.",https://fij.ng/article/fg-workers-using-gtbank-yet-to-get-october-salaries/,30/10/2025,Journal for investigative Journalism,"GTB (GTCO)",1750,,
"GTCO 'Autism' Program 2025","The official page for the GTCO Autism Programme, detailing the 2025 event dates (July 16-24, 2025) in Lagos and Accra.",https://csr.gtbank.com/autism/,01/07/2025,gtbank (CSR),"GTB (GTCO)",89000,,
"GTCO and Autism (Program Goals)","The official page detailing the goals of the GTCO Autism Programme.",https://csr.gtbank.com/autism/gt-bank-and-autism/,11/07/2025,gtbank (CSR),"GTB (GTCO)",86000,,
"GTCO urges stronger autism care","A news report previewing the 2025 GTCO Autism Programme.",https://punchng.com/gtco-urges-stronger-autism-care/,11/07/2025,Punch,"GTB (GTCO)",133000,,
"GTCO makes strides in autism advocacy, touches 5,000 families","A July 2025 article reaffirming GTCO's 15-year commitment to autism advocacy.",https://businessday.ng/companies/article/gtco-makes-strides-in-autism-advocacy-touches-5000-families/,16/07/2025,Business Day,"GTB (GTCO)",36200,,
"GTCO Announces 2025 Autism Program Themed...","A press release announcing the 2025 Autism Program, themed ""From Awareness to Action: 15 Years of Advancing Autism Inclusion.""",https://www.gtcoplc.com/what-we-think/press-releases/gtco-announces-2025-autism-program-themed-from-awareness-to-action-15-years-of-advancing-autism-inclusion,11/07/2025,gtco plc,"GTB (GTCO)",172300,,
"GTCO Food and Drink Festival 2025: A Shared Experience...","An announcement for the 8th edition of the GTCO Food and Drink Festival, held from May 2-4, 2025.",https://www.gtbank.com/media-centre/press-releases/gtco-food-and-drink-festival-2025-a-shared-experience-of-culture-cuisine-and-enterprise,29/04/2025,gtbank,"GTB (GTCO)",180000,,
"GTCO Food & Drink Festival (Official Page)","The official corporate page for the festival, describing it as an annual exhibition and sales event.",https://www.gtcoplc.com/how-we-give-back/food-and-drink-festival,29/05/2025,gtcoplc,"GTB (GTCO)",212000,,
"GTCO Food and Drink Festival 2025 (YouTube Promo)","A promotional video for the 8th Edition of the GTCO Food and Drink Festival (May 2-4, 2025).",https://www.youtube.com/watch?v=-CGx_cB2HWQ,29/05/2025,youtube,"GTB (GTCO)",2300000,,
"GTBank Food and Drink Festival (Wikipedia)","The Wikipedia entry for the festival, confirming it is an annual, multi-day event in Lagos.",https://en.wikipedia.org/wiki/GTBank_Food_and_Drink_Festival,29/05/2025,Wikipedia,"GTB (GTCO)",500000,,
"Nigeria's 2 million banking agents must choose between Moniepoint, Opay, PalmPay by April 2026","A new CBN guideline released Oct 6, 2025, mandates ""agent exclusivity.""",https://techcabal.com/tag/opay/,11/10/2025,TechCabal,Opay,21000,,
"CBN caps POS agent daily transactions at N1.2m in new guidelines","The CBN issued new ""Guidelines for the Operations of Agent Banking"" on Oct 6, 2025.",https://punchng.com/cbn-caps-pos-agent-daily-transactions-at-n1-2m-in-new-guidelines/,11/10/2025,Punch,Opay,133000,,
"CBN's new directive mandates operators to geotag POS terminals","The CBN issued a new ruling on Aug 25, 2025, requiring all licensed operators to geotag every POS terminal within 60 days.",https://thepaypers.com/regulations/news/cbns-new-directive-mandates-operators-to-geotag-pos-terminals,11/10/2025,The paypers,Opay,35,,
"OPay emerges only fintech firm with three wins at 2025 BAFI Awards","OPay reaffirmed its industry leadership by being the only fintech to win three major awards at the 2025 BusinessDay Banks and Other Financial Institutions (BAFI) Awards.",https://punchng.com/opay-emerges-only-fintech-firm-with-three-wins-at-2025-bafi-awards/,14/10/2025,Punch,Opay,133000,,
"OPay emerges with three wins at 2025 BAFI Awards","OPay won ""Mobile Payment Solutions Provider of the Year,"" ""Business Solutions Provider of the Year,"" and ""Fintech Security Innovation of the Year"" at the 2025 BAFI Awards.",https://guardian.ng/news/nigeria/metro/opay-emerges-with-three-wins-at-2025-bafi-awards/,15/10/2025,Guardian,Opay,28000,,
"Opay to sponsor 20 LASU students with N60m scholarships","OPay Digital Services Limited signed an MoU with Lagos State University (LASU) to sponsor 20 students with scholarships worth ₦60 million over the next 10 years.",https://punchng.com/tags/opay/,15/10/2025,Punch,Opay,133000,,
"OPay celebrates scholarship impact, unveils CyberLabs at Empowering Futures 2025","OPay hosted its ""Empowering Futures 2025"" event to celebrate the impact of its scholarship program and unveiled its new CyberLabs initiative.",https://punchng.com/tags/opay/,15/10/2025,Punch,Opay,133000,,
"Opay emerges as the only fintech with three wins at the 2025 BAFI awards","OPay was the only fintech to win three awards at the 2025 BAFI Awards, recognizing its role as a ""powerhouse of daily fintech activity"".",https://www.thecable.ng/opay-emerges-as-the-only-fintech-with-three-wins-at-the-2025-bafi-awards/,17/10/2025,The Cable,Opay,11000,,
"OPay unveils eighth security feature","OPay has unveiled its eighth security feature, ""Location Guard,"" as it continues its drive to ensure the protection of customers' funds.",https://punchng.com/tags/opay/,19/10/2025,Punch,Opay,133000,,
"Lagos State University joins beneficiaries of OPay's N1.2bn 10-year scholarship programme","Lagos State University (LASU) signed an MoU with OPay, becoming the latest beneficiary of the fintech's ₦1.2bn 10-Year Scholarship Programme.",https://punchng.com/tags/opay/,21/10/2025,Punch,Opay,133000,,
"Service Review: OPay’s approach to secure payments for its over 60 million users","A detailed review of OPay's new suite of 7 security features launched to address customer pain points like fraud and accidental transfers.",https://nairametrics.com/2025/10/22/service-review-opays-approach-to-secure-payments-for-its-over-60-million-users/,22/10/2025,Nairametrics,Opay,50000,,
"OPay unveils eighth security feature, 'Location Guard', at grand finale of security vote challenge","At the grand finale of its ""My OPay Security Vote Challenge"" in Lagos, OPay unveiled its eighth security feature, ""Location Guard.""",https://punchng.com/tags/opay/,23/10/2025,Punch,Opay,133000,,
"CBN debunks viral news suspending OPay, PalmPay","The Central Bank of Nigeria (CBN) debunked false, viral social media posts claiming it had suspended the operations of OPay and PalmPay.",https://www.premiumtimesng.com/news/more-news/589981-cbn-debunks-viral-news-suspending-opay-palmpay.html,25/10/2025,Premium Times,Opay,19000,,
"OPay set to host Empowering Futures Conference 2025","OPay announced it will host the Empowering Futures Conference 2025 on October 31 in Lagos.",https://punchng.com/opay-set-to-host-empowering-futures-conference-2025/,27/10/2025,Punch,Opay,133000,,
"Opera Reports Third Quarter 2025 Results Ahead of Expectations","Opera's Q3 2025 report shows its ""Investment in OPay"" is valued at $258.3 million.",https://investor.opera.com/news-releases/news-release-details/opera-reports-third-quarter-2025-results-ahead-expectations/,29/10/2025,Investor Opera,Opay,1070,,
"OPay disburse ₦126 million to 420 students","At the OPay Empowering Futures Conference 2025 on Oct 31, OPay celebrated the completion of Year 1 of its 10-year, ₦1.2B scholarship.",https://techpoint.africa/coverage/opay-disburses-126-million-to-420-students/,31/10/2025,Techpoint Africa,Opay,24000,,
"OPay disburses N126 million in scholarships, targets N1.2 billion for Nigerian students","OPay announced at its 'OPay CSR Empowering Futures 2025' conference that it has disbursed N126 million to 420 students in its first year.",https://nairametrics.com/2025/11/01/opay-disburses-n126-million-in-scholarships-targets-n1-2-billion-for-nigerian-students/,01/11/2025,Nairametrics,Opay,51500,,
"OPay, UniCal to establish cybersecurity lab","OPay signed a Memorandum of Understanding (MoU) with the University of Calabar (UniCal) for its cybersecurity lab project.",https://punchng.com/tags/opay/,02/11/2025,Punch,Opay,133000,,
"Yahui Zhou and OPay: Strategic vision reshapes the new ecosystem of digital payments in Africa","An analysis of OPay founder Yahui Zhou's strategic vision.",https://www.barchart.com/story/news/35854100/yahui-zhou-and-opay-strategic-vision-reshapes-the-new-ecosystem-of-digital-payments-in-africa,03/11/2025,Barchart,Opay,23,,
"OPay Celebrates First Year of 10-Year Education Empowerment Initiative","OPay marked the first anniversary of its ""Year 1 of 10"" Education Empowerment Initiative.",https://techafricanews.com/2025/11/03/opay-celebrates-first-year-of-10-year-education-empowerment-initiative/,03/11/2025,Tech Africa News,Opay,25800,,
"MTN's fintech arm growth driven by airtime lending, faces OPay dominance","A report on MTN's fintech arm shows its revenue growth is mostly from airtime lending.",https://techcabal.com/2025/11/04/mtn-fintech-revenue-2025-airtime-lending/,04/11/2025,TechCabal,Opay,21800,,
"HRLeverage Africa's growth accelerated by OPay","In a feature on HRLeverage Africa, its founder mentioned that OPay was one of the key clients that accelerated the HR firm's growth.",https://techpoint.africa/feature/workremits-hrleverage/,11/11/2025,Techpoint Africa,Opay,24000,,
"Access Bank's $100M 'Access for Women' Initiative Hailed by World Bank","Access Bank has received commendation from the World Bank for its 'Access for Women' initiative.",https://accessbank.com/world-bank-praise,12/10/2025,Access Bank,Access,230000,,
"Access Holdings Plc Q3 2025 Pre-Tax Profit Rises 31%","Access Holdings Plc announced its Q3 2025 financial results, reporting a 31% increase in pre-tax profit.",https://businessday.ng/access-q3-2025-profit,16/10/2025,Business Day,Access,36780,,
"Access Bank Completes Acquisition of Atlas Mara Zambia","Access Bank Plc has formally announced the completion of its acquisition of Atlas Mara Limited in Zambia.",https://bloomberg.com/access-zambia-atlas-mara,19/10/2025,Bloomberg,Access,120000,,
"Access Bank Launches New 'AccessMore' Feature for Cross-Border Payments","The AccessMore app has been upgraded with a new feature facilitating seamless cross-border payments.",https://vanguardngr.com/accessmore-new-feature,25/10/2025,Vanguard,Access,201890,,
"Why Analysts Rate Access Holdings (ACCESS) a 'Buy' After Q3 Results","Following the strong Q3 2025 results, financial analysts have reiterated a 'Buy' rating for Access Holdings.",https://nairametrics.com/access-buy-rating,17/10/2025,Nairametrics,Access,43000,,
"Customers Complain of 'Excessive' Account Maintenance Fees","A social media trend has seen numerous Access Bank customers voicing frustration over ""excessive 'Account Maintenance Fees'"" being debited.",https://twitter.com/trend/access-fees,22/10/2025,Twitter,Access,20000,,
"Access Bank Kenya Q3 Profit Hits KES 12.8 Billion","Access Bank's Kenyan subsidiary posted a strong Q3 performance, with profit before tax rising to KES 12.8 billion.",https://the-star.co.ke/access-kenya-q3,27/10/2025,The Star,Access,50,,
"Access Bank Partners with PayStack to Boost Merchant Services","Access Bank announced a strategic partnership with fintech giant PayStack to integrate advanced payment solutions.",https://techcrunch.com/access-paystack-deal,28/10/2025,Tech Crunch,Access,70,,
"Access Bank GCEO Advocates for Pan-African Financial Integration at Lagos Summit","The Group CEO of Access Holdings, speaking at the Lagos Economic Summit, called for deeper regulatory harmonization.",https://thisdaylive.com/gceo-lagos-summit,30/10/2025,Thisdaylive,Access,120000,,
"""Our African Ambition is Long-Term,"" says Access GCEO","In an exclusive interview, the Access Holdings GCEO discussed the bank's long-term M&A strategy.",https://financialtimes.com/access-gceo-interview,02/11/2025,Financial Africa,Access,15000,,
"Access Bank Named 'Best Bank for Sustainable Finance' in Africa 2025","Global Finance has named Access Bank as the 'Best Bank for Sustainable Finance' in Africa for 2025.",https://globalfinance.com/awards-2025,07/11/2025,Global Financial,Access,20000,,
"Access Holdings Stock Dips 2.5% Despite Strong Q3 Profits","Shares of Access Holdings Plc fell 2.5% in trading on Oct 17, a day after releasing strong Q3 2025 profit numbers.",https://proactiveinvestors.com/access-stock-dip,17/10/2025,Proactive Investors,Access,2600,,
"Access Bank's 'AccessMore' App Faces Weekend-Long Downtime, Sparks Outcry","Customers of Access Bank were left stranded as the 'AccessMore' mobile app and USSD services faced a near 48-hour downtime.",https://techcabal.com/accessmore-downtime,04/11/2025,Tech Cabal,Access,21000,,
"""Failed Transaction But Debited"": Access Bank Customers Lament Poor Service","A common refrain on social media involves Access Bank customers lamenting instances of ""failed transaction but debited.""",https://naijatech.com/access-failed-transactions,10/11/2025,Naija Tech